{"cameraMode":{"drawMode":0,"name":"Shaded","section":"Shading Mode"},"sceneLighting":true,"audioPlay":false,"sceneViewState":{"m_AlwaysRefresh":false,"showFog":true,"showSkybox":true,"showFlares":true,"showImageEffects":true,"showParticleSystems":true,"showVisualEffectGraphs":true,"m_FxEnabled":true},"in2DMode":false,"pivot":{"x":14.836479187011719,"y":3.6871960163116457,"z":10.962910652160645},"rotation":{"x":0.07670547068119049,"y":0.876408576965332,"z":-0.4516061842441559,"w":0.14881835877895356},"size":2.0660252571105959,"orthographic":false}